algoritmo,metodo,funcao,seed,n,t_max,w_max,w_min,c1,c2,v_max,alpha,A,lambda,Q,d_nuc,d_rep,f_final,x_final,y_final
PSO,clamp,Rastrigin,1,5,200,,,2.000000,2.000000,2.000000,,,,,,,0.031049,-0.005821,-0.011076
PSO,clamp,Rastrigin,2,5,200,,,2.000000,2.000000,2.000000,,,,,,,0.780237,-0.063010,0.003727
PSO,clamp,Rastrigin,3,5,200,,,2.000000,2.000000,2.000000,,,,,,,0.003971,-0.002253,0.003865
PSO,clamp,Rastrigin,4,5,200,,,2.000000,2.000000,2.000000,,,,,,,0.426887,-0.046544,-0.000843
PSO,clamp,Rastrigin,5,5,200,,,2.000000,2.000000,2.000000,,,,,,,0.358676,-0.042575,-0.002460
PSO,clamp,Rastrigin,6,5,200,,,2.000000,2.000000,2.000000,,,,,,,0.042577,0.006363,0.013199
PSO,clamp,Rastrigin,7,5,200,,,2.000000,2.000000,2.000000,,,,,,,0.041170,0.006160,0.013026
PSO,clamp,Rastrigin,8,5,200,,,2.000000,2.000000,2.000000,,,,,,,0.002477,0.001327,-0.003275
PSO,clamp,Rastrigin,9,5,200,,,2.000000,2.000000,2.000000,,,,,,,0.177647,-0.027925,-0.010847
PSO,clamp,Rastrigin,10,5,200,,,2.000000,2.000000,2.000000,,,,,,,0.000538,-0.001095,0.001229
PSO,clamp,Rastrigin,1,10,200,,,2.000000,2.000000,2.000000,,,,,,,0.095262,-0.003145,-0.021703
PSO,clamp,Rastrigin,2,10,200,,,2.000000,2.000000,2.000000,,,,,,,0.007347,0.003212,-0.005169
PSO,clamp,Rastrigin,3,10,200,,,2.000000,2.000000,2.000000,,,,,,,0.808925,0.062654,-0.014219
PSO,clamp,Rastrigin,4,10,200,,,2.000000,2.000000,2.000000,,,,,,,0.323620,0.003934,-0.040303
PSO,clamp,Rastrigin,5,10,200,,,2.000000,2.000000,2.000000,,,,,,,0.016388,-0.005154,-0.007487
PSO,clamp,Rastrigin,6,10,200,,,2.000000,2.000000,2.000000,,,,,,,0.056041,0.002691,0.016598
PSO,clamp,Rastrigin,7,10,200,,,2.000000,2.000000,2.000000,,,,,,,0.068320,-0.016766,-0.007972
PSO,clamp,Rastrigin,8,10,200,,,2.000000,2.000000,2.000000,,,,,,,0.010162,0.006004,-0.003896
PSO,clamp,Rastrigin,9,10,200,,,2.000000,2.000000,2.000000,,,,,,,0.002077,0.002252,-0.002323
PSO,clamp,Rastrigin,10,10,200,,,2.000000,2.000000,2.000000,,,,,,,0.000744,0.001135,-0.001569
PSO,clamp,Rastrigin,1,25,200,,,2.000000,2.000000,2.000000,,,,,,,0.003151,0.000690,0.003925
PSO,clamp,Rastrigin,2,25,200,,,2.000000,2.000000,2.000000,,,,,,,0.033043,-0.004200,0.012206
PSO,clamp,Rastrigin,3,25,200,,,2.000000,2.000000,2.000000,,,,,,,0.014388,0.008505,-0.000445
PSO,clamp,Rastrigin,4,25,200,,,2.000000,2.000000,2.000000,,,,,,,0.001396,0.000715,-0.002555
PSO,clamp,Rastrigin,5,25,200,,,2.000000,2.000000,2.000000,,,,,,,0.026307,-0.000803,0.011490
PSO,clamp,Rastrigin,6,25,200,,,2.000000,2.000000,2.000000,,,,,,,0.007235,0.005431,0.002640
PSO,clamp,Rastrigin,7,25,200,,,2.000000,2.000000,2.000000,,,,,,,0.023530,0.009032,0.006088
PSO,clamp,Rastrigin,8,25,200,,,2.000000,2.000000,2.000000,,,,,,,0.011818,0.000911,0.007665
PSO,clamp,Rastrigin,9,25,200,,,2.000000,2.000000,2.000000,,,,,,,0.055825,-0.016780,-0.000251
PSO,clamp,Rastrigin,10,25,200,,,2.000000,2.000000,2.000000,,,,,,,0.015716,-0.003769,0.008064
PSO,clamp,Rastrigin,1,50,200,,,2.000000,2.000000,2.000000,,,,,,,0.000114,0.000704,-0.000285
PSO,clamp,Rastrigin,2,50,200,,,2.000000,2.000000,2.000000,,,,,,,0.001647,-0.002522,-0.001393
PSO,clamp,Rastrigin,3,50,200,,,2.000000,2.000000,2.000000,,,,,,,0.000224,-0.000906,0.000553
PSO,clamp,Rastrigin,4,50,200,,,2.000000,2.000000,2.000000,,,,,,,0.003228,-0.002782,0.002920
PSO,clamp,Rastrigin,5,50,200,,,2.000000,2.000000,2.000000,,,,,,,0.009843,-0.002832,-0.006450
PSO,clamp,Rastrigin,6,50,200,,,2.000000,2.000000,2.000000,,,,,,,0.004636,0.001138,-0.004698
PSO,clamp,Rastrigin,7,50,200,,,2.000000,2.000000,2.000000,,,,,,,0.004671,0.002105,-0.004372
PSO,clamp,Rastrigin,8,50,200,,,2.000000,2.000000,2.000000,,,,,,,0.025040,0.004075,-0.010471
PSO,clamp,Rastrigin,9,50,200,,,2.000000,2.000000,2.000000,,,,,,,0.002781,-0.003200,-0.001943
PSO,clamp,Rastrigin,10,50,200,,,2.000000,2.000000,2.000000,,,,,,,0.001366,0.001301,-0.002278
PSO,clamp,Rosenbrock,1,5,200,,,2.000000,2.000000,2.000000,,,,,,,0.007279,1.048844,1.107069
PSO,clamp,Rosenbrock,2,5,200,,,2.000000,2.000000,2.000000,,,,,,,0.009686,1.088703,1.181010
PSO,clamp,Rosenbrock,3,5,200,,,2.000000,2.000000,2.000000,,,,,,,0.008026,1.009277,1.027551
PSO,clamp,Rosenbrock,4,5,200,,,2.000000,2.000000,2.000000,,,,,,,0.116388,1.310238,1.702533
PSO,clamp,Rosenbrock,5,5,200,,,2.000000,2.000000,2.000000,,,,,,,0.017823,1.085944,1.169059
PSO,clamp,Rosenbrock,6,5,200,,,2.000000,2.000000,2.000000,,,,,,,0.012239,0.926106,0.865906
PSO,clamp,Rosenbrock,7,5,200,,,2.000000,2.000000,2.000000,,,,,,,0.013359,0.920407,0.838768
PSO,clamp,Rosenbrock,8,5,200,,,2.000000,2.000000,2.000000,,,,,,,0.025137,0.841689,0.707578
PSO,clamp,Rosenbrock,9,5,200,,,2.000000,2.000000,2.000000,,,,,,,0.084485,0.714026,0.504633
PSO,clamp,Rosenbrock,10,5,200,,,2.000000,2.000000,2.000000,,,,,,,0.021901,1.008501,1.002299
PSO,clamp,Rosenbrock,1,10,200,,,2.000000,2.000000,2.000000,,,,,,,0.011146,1.005457,1.000401
PSO,clamp,Rosenbrock,2,10,200,,,2.000000,2.000000,2.000000,,,,,,,0.018292,1.120481,1.249333
PSO,clamp,Rosenbrock,3,10,200,,,2.000000,2.000000,2.000000,,,,,,,0.016732,1.122622,1.256164
PSO,clamp,Rosenbrock,4,10,200,,,2.000000,2.000000,2.000000,,,,,,,0.004948,0.954245,0.915927
PSO,clamp,Rosenbrock,5,10,200,,,2.000000,2.000000,2.000000,,,,,,,0.016461,1.008459,1.004188
PSO,clamp,Rosenbrock,6,10,200,,,2.000000,2.000000,2.000000,,,,,,,0.000981,0.997162,0.991213
PSO,clamp,Rosenbrock,7,10,200,,,2.000000,2.000000,2.000000,,,,,,,0.001317,0.963710,0.928786
PSO,clamp,Rosenbrock,8,10,200,,,2.000000,2.000000,2.000000,,,,,,,0.001435,1.032606,1.068204
PSO,clamp,Rosenbrock,9,10,200,,,2.000000,2.000000,2.000000,,,,,,,0.001118,0.975067,0.948526
PSO,clamp,Rosenbrock,10,10,200,,,2.000000,2.000000,2.000000,,,,,,,0.033314,1.103853,1.233501
PSO,clamp,Rosenbrock,1,25,200,,,2.000000,2.000000,2.000000,,,,,,,0.002244,0.952922,0.907530
PSO,clamp,Rosenbrock,2,25,200,,,2.000000,2.000000,2.000000,,,,,,,0.000036,0.994814,0.989961
PSO,clamp,Rosenbrock,3,25,200,,,2.000000,2.000000,2.000000,,,,,,,0.000274,1.002642,1.003656
PSO,clamp,Rosenbrock,4,25,200,,,2.000000,2.000000,2.000000,,,,,,,0.000049,1.005615,1.010846
PSO,clamp,Rosenbrock,5,25,200,,,2.000000,2.000000,2.000000,,,,,,,0.001232,1.002798,1.009103
PSO,clamp,Rosenbrock,6,25,200,,,2.000000,2.000000,2.000000,,,,,,,0.000477,1.007474,1.012951
PSO,clamp,Rosenbrock,7,25,200,,,2.000000,2.000000,2.000000,,,,,,,0.000267,0.999986,0.998340
PSO,clamp,Rosenbrock,8,25,200,,,2.000000,2.000000,2.000000,,,,,,,0.000688,1.024868,1.049519
PSO,clamp,Rosenbrock,9,25,200,,,2.000000,2.000000,2.000000,,,,,,,0.002076,1.024171,1.045064
PSO,clamp,Rosenbrock,10,25,200,,,2.000000,2.000000,2.000000,,,,,,,0.001541,1.038244,1.077067
PSO,clamp,Rosenbrock,1,50,200,,,2.000000,2.000000,2.000000,,,,,,,0.000146,1.008276,1.015742
PSO,clamp,Rosenbrock,2,50,200,,,2.000000,2.000000,2.000000,,,,,,,0.000953,1.026752,1.055759
PSO,clamp,Rosenbrock,3,50,200,,,2.000000,2.000000,2.000000,,,,,,,0.000022,1.004325,1.008490
PSO,clamp,Rosenbrock,4,50,200,,,2.000000,2.000000,2.000000,,,,,,,0.000715,0.991924,0.981364
PSO,clamp,Rosenbrock,5,50,200,,,2.000000,2.000000,2.000000,,,,,,,0.000115,1.007728,1.014773
PSO,clamp,Rosenbrock,6,50,200,,,2.000000,2.000000,2.000000,,,,,,,0.000658,1.021582,1.042241
PSO,clamp,Rosenbrock,7,50,200,,,2.000000,2.000000,2.000000,,,,,,,0.001766,1.028007,1.059931
PSO,clamp,Rosenbrock,8,50,200,,,2.000000,2.000000,2.000000,,,,,,,0.001978,0.955551,0.912923
PSO,clamp,Rosenbrock,9,50,200,,,2.000000,2.000000,2.000000,,,,,,,0.002516,0.988740,0.972720
PSO,clamp,Rosenbrock,10,50,200,,,2.000000,2.000000,2.000000,,,,,,,0.000168,0.988776,0.978327
PSO,inertia,Rastrigin,1,5,200,0.900000,0.400000,2.000000,2.000000,5.000000,,,,,,,0.000000,0.000000,0.000000
PSO,inertia,Rastrigin,2,5,200,0.900000,0.400000,2.000000,2.000000,5.000000,,,,,,,0.994959,0.994957,-0.000000
PSO,inertia,Rastrigin,3,5,200,0.900000,0.400000,2.000000,2.000000,5.000000,,,,,,,0.994959,-0.994959,-0.000000
PSO,inertia,Rastrigin,4,5,200,0.900000,0.400000,2.000000,2.000000,5.000000,,,,,,,0.000000,0.000000,0.000000
PSO,inertia,Rastrigin,5,5,200,0.900000,0.400000,2.000000,2.000000,5.000000,,,,,,,0.994959,-0.000023,-0.994938
PSO,inertia,Rastrigin,6,5,200,0.900000,0.400000,2.000000,2.000000,5.000000,,,,,,,0.000000,-0.000000,0.000001
PSO,inertia,Rastrigin,7,5,200,0.900000,0.400000,2.000000,2.000000,5.000000,,,,,,,0.000000,0.000012,0.000007
PSO,inertia,Rastrigin,8,5,200,0.900000,0.400000,2.000000,2.000000,5.000000,,,,,,,0.994973,-0.994932,-0.000264
PSO,inertia,Rastrigin,9,5,200,0.900000,0.400000,2.000000,2.000000,5.000000,,,,,,,0.000000,-0.000002,-0.000013
PSO,inertia,Rastrigin,10,5,200,0.900000,0.400000,2.000000,2.000000,5.000000,,,,,,,0.000000,-0.000000,0.000000
PSO,inertia,Rastrigin,1,10,200,0.900000,0.400000,2.000000,2.000000,5.000000,,,,,,,0.000000,0.000000,0.000000
PSO,inertia,Rastrigin,2,10,200,0.900000,0.400000,2.000000,2.000000,5.000000,,,,,,,0.000000,-0.000000,0.000000
PSO,inertia,Rastrigin,3,10,200,0.900000,0.400000,2.000000,2.000000,5.000000,,,,,,,0.000000,0.000000,-0.000000
PSO,inertia,Rastrigin,4,10,200,0.900000,0.400000,2.000000,2.000000,5.000000,,,,,,,0.000000,0.000000,0.000000
PSO,inertia,Rastrigin,5,10,200,0.900000,0.400000,2.000000,2.000000,5.000000,,,,,,,0.000000,-0.000000,-0.000000
PSO,inertia,Rastrigin,6,10,200,0.900000,0.400000,2.000000,2.000000,5.000000,,,,,,,0.000000,0.000000,-0.000000
PSO,inertia,Rastrigin,7,10,200,0.900000,0.400000,2.000000,2.000000,5.000000,,,,,,,0.000000,-0.000000,-0.000000
PSO,inertia,Rastrigin,8,10,200,0.900000,0.400000,2.000000,2.000000,5.000000,,,,,,,0.000000,0.000000,-0.000000
PSO,inertia,Rastrigin,9,10,200,0.900000,0.400000,2.000000,2.000000,5.000000,,,,,,,0.000000,0.000000,0.000000
PSO,inertia,Rastrigin,10,10,200,0.900000,0.400000,2.000000,2.000000,5.000000,,,,,,,0.000000,-0.000000,0.000000
PSO,inertia,Rastrigin,1,25,200,0.900000,0.400000,2.000000,2.000000,5.000000,,,,,,,0.000000,-0.000000,0.000000
PSO,inertia,Rastrigin,2,25,200,0.900000,0.400000,2.000000,2.000000,5.000000,,,,,,,0.000000,0.000000,0.000000
PSO,inertia,Rastrigin,3,25,200,0.900000,0.400000,2.000000,2.000000,5.000000,,,,,,,0.000000,0.000000,0.000000
PSO,inertia,Rastrigin,4,25,200,0.900000,0.400000,2.000000,2.000000,5.000000,,,,,,,0.000000,0.000000,0.000000
PSO,inertia,Rastrigin,5,25,200,0.900000,0.400000,2.000000,2.000000,5.000000,,,,,,,0.000000,-0.000000,0.000000
PSO,inertia,Rastrigin,6,25,200,0.900000,0.400000,2.000000,2.000000,5.000000,,,,,,,0.000000,-0.000000,-0.000000
PSO,inertia,Rastrigin,7,25,200,0.900000,0.400000,2.000000,2.000000,5.000000,,,,,,,0.000000,-0.000000,0.000000
PSO,inertia,Rastrigin,8,25,200,0.900000,0.400000,2.000000,2.000000,5.000000,,,,,,,0.000000,-0.000000,-0.000000
PSO,inertia,Rastrigin,9,25,200,0.900000,0.400000,2.000000,2.000000,5.000000,,,,,,,0.000000,0.000000,-0.000000
PSO,inertia,Rastrigin,10,25,200,0.900000,0.400000,2.000000,2.000000,5.000000,,,,,,,0.000000,-0.000000,-0.000000
PSO,inertia,Rastrigin,1,50,200,0.900000,0.400000,2.000000,2.000000,5.000000,,,,,,,0.000000,0.000000,-0.000000
PSO,inertia,Rastrigin,2,50,200,0.900000,0.400000,2.000000,2.000000,5.000000,,,,,,,0.000000,-0.000000,-0.000000
PSO,inertia,Rastrigin,3,50,200,0.900000,0.400000,2.000000,2.000000,5.000000,,,,,,,0.000000,-0.000000,0.000000
PSO,inertia,Rastrigin,4,50,200,0.900000,0.400000,2.000000,2.000000,5.000000,,,,,,,0.000000,-0.000000,-0.000000
PSO,inertia,Rastrigin,5,50,200,0.900000,0.400000,2.000000,2.000000,5.000000,,,,,,,0.000000,0.000000,-0.000000
PSO,inertia,Rastrigin,6,50,200,0.900000,0.400000,2.000000,2.000000,5.000000,,,,,,,0.000000,0.000000,0.000000
PSO,inertia,Rastrigin,7,50,200,0.900000,0.400000,2.000000,2.000000,5.000000,,,,,,,0.000000,-0.000000,-0.000000
PSO,inertia,Rastrigin,8,50,200,0.900000,0.400000,2.000000,2.000000,5.000000,,,,,,,0.000000,-0.000000,-0.000000
PSO,inertia,Rastrigin,9,50,200,0.900000,0.400000,2.000000,2.000000,5.000000,,,,,,,0.000000,0.000000,0.000000
PSO,inertia,Rastrigin,10,50,200,0.900000,0.400000,2.000000,2.000000,5.000000,,,,,,,0.000000,-0.000000,-0.000000
PSO,inertia,Rosenbrock,1,5,200,0.900000,0.400000,2.000000,2.000000,5.000000,,,,,,,0.000018,1.003983,1.007835
PSO,inertia,Rosenbrock,2,5,200,0.900000,0.400000,2.000000,2.000000,5.000000,,,,,,,0.005833,0.924060,0.853074
PSO,inertia,Rosenbrock,3,5,200,0.900000,0.400000,2.000000,2.000000,5.000000,,,,,,,0.001669,1.040846,1.083287
PSO,inertia,Rosenbrock,4,5,200,0.900000,0.400000,2.000000,2.000000,5.000000,,,,,,,0.002359,1.048486,1.099612
PSO,inertia,Rosenbrock,5,5,200,0.900000,0.400000,2.000000,2.000000,5.000000,,,,,,,0.000100,1.003147,1.005356
PSO,inertia,Rosenbrock,6,5,200,0.900000,0.400000,2.000000,2.000000,5.000000,,,,,,,0.034950,0.813091,0.660733
PSO,inertia,Rosenbrock,7,5,200,0.900000,0.400000,2.000000,2.000000,5.000000,,,,,,,0.000008,0.997417,0.994942
PSO,inertia,Rosenbrock,8,5,200,0.900000,0.400000,2.000000,2.000000,5.000000,,,,,,,0.000348,1.018651,1.037651
PSO,inertia,Rosenbrock,9,5,200,0.900000,0.400000,2.000000,2.000000,5.000000,,,,,,,0.029046,0.830318,0.687835
PSO,inertia,Rosenbrock,10,5,200,0.900000,0.400000,2.000000,2.000000,5.000000,,,,,,,0.008442,0.908120,0.824653
PSO,inertia,Rosenbrock,1,10,200,0.900000,0.400000,2.000000,2.000000,5.000000,,,,,,,0.000001,1.000892,1.001743
PSO,inertia,Rosenbrock,2,10,200,0.900000,0.400000,2.000000,2.000000,5.000000,,,,,,,0.000085,1.009161,1.018488
PSO,inertia,Rosenbrock,3,10,200,0.900000,0.400000,2.000000,2.000000,5.000000,,,,,,,0.000006,0.997600,0.995267
PSO,inertia,Rosenbrock,4,10,200,0.900000,0.400000,2.000000,2.000000,5.000000,,,,,,,0.000005,1.002319,1.004639
PSO,inertia,Rosenbrock,5,10,200,0.900000,0.400000,2.000000,2.000000,5.000000,,,,,,,0.000061,0.992296,0.984530
PSO,inertia,Rosenbrock,6,10,200,0.900000,0.400000,2.000000,2.000000,5.000000,,,,,,,0.000002,0.998504,0.997010
PSO,inertia,Rosenbrock,7,10,200,0.900000,0.400000,2.000000,2.000000,5.000000,,,,,,,0.000012,0.996520,0.993035
PSO,inertia,Rosenbrock,8,10,200,0.900000,0.400000,2.000000,2.000000,5.000000,,,,,,,0.000000,0.999895,0.999789
PSO,inertia,Rosenbrock,9,10,200,0.900000,0.400000,2.000000,2.000000,5.000000,,,,,,,0.001645,0.959488,0.920414
PSO,inertia,Rosenbrock,10,10,200,0.900000,0.400000,2.000000,2.000000,5.000000,,,,,,,0.000100,1.010014,1.020165
PSO,inertia,Rosenbrock,1,25,200,0.900000,0.400000,2.000000,2.000000,5.000000,,,,,,,0.000001,0.998883,0.997774
PSO,inertia,Rosenbrock,2,25,200,0.900000,0.400000,2.000000,2.000000,5.000000,,,,,,,0.000003,0.998228,0.996448
PSO,inertia,Rosenbrock,3,25,200,0.900000,0.400000,2.000000,2.000000,5.000000,,,,,,,0.000002,0.998542,0.997086
PSO,inertia,Rosenbrock,4,25,200,0.900000,0.400000,2.000000,2.000000,5.000000,,,,,,,0.000000,0.999426,0.998850
PSO,inertia,Rosenbrock,5,25,200,0.900000,0.400000,2.000000,2.000000,5.000000,,,,,,,0.000000,0.999530,0.999053
PSO,inertia,Rosenbrock,6,25,200,0.900000,0.400000,2.000000,2.000000,5.000000,,,,,,,0.000001,1.000993,1.001985
PSO,inertia,Rosenbrock,7,25,200,0.900000,0.400000,2.000000,2.000000,5.000000,,,,,,,0.000000,1.000210,1.000419
PSO,inertia,Rosenbrock,8,25,200,0.900000,0.400000,2.000000,2.000000,5.000000,,,,,,,0.000005,1.002304,1.004605
PSO,inertia,Rosenbrock,9,25,200,0.900000,0.400000,2.000000,2.000000,5.000000,,,,,,,0.000000,1.000256,1.000532
PSO,inertia,Rosenbrock,10,25,200,0.900000,0.400000,2.000000,2.000000,5.000000,,,,,,,0.000001,1.000947,1.001892
PSO,inertia,Rosenbrock,1,50,200,0.900000,0.400000,2.000000,2.000000,5.000000,,,,,,,0.000000,0.999905,0.999811
PSO,inertia,Rosenbrock,2,50,200,0.900000,0.400000,2.000000,2.000000,5.000000,,,,,,,0.000001,1.001009,1.002028
PSO,inertia,Rosenbrock,3,50,200,0.900000,0.400000,2.000000,2.000000,5.000000,,,,,,,0.000000,0.999919,0.999838
PSO,inertia,Rosenbrock,4,50,200,0.900000,0.400000,2.000000,2.000000,5.000000,,,,,,,0.000000,1.000137,1.000269
PSO,inertia,Rosenbrock,5,50,200,0.900000,0.400000,2.000000,2.000000,5.000000,,,,,,,0.000000,0.999963,0.999941
PSO,inertia,Rosenbrock,6,50,200,0.900000,0.400000,2.000000,2.000000,5.000000,,,,,,,0.000000,0.999969,0.999938
PSO,inertia,Rosenbrock,7,50,200,0.900000,0.400000,2.000000,2.000000,5.000000,,,,,,,0.000000,0.999940,0.999891
PSO,inertia,Rosenbrock,8,50,200,0.900000,0.400000,2.000000,2.000000,5.000000,,,,,,,0.000000,0.999674,0.999296
PSO,inertia,Rosenbrock,9,50,200,0.900000,0.400000,2.000000,2.000000,5.000000,,,,,,,0.000000,1.000072,1.000145
PSO,inertia,Rosenbrock,10,50,200,0.900000,0.400000,2.000000,2.000000,5.000000,,,,,,,0.000000,0.999977,0.999957
PP,clamp,Rastrigin,1,5,200,,,2.000000,2.000000,2.000000,1.000000,1.000000,2.000000,,,,0.394248,0.007229,-0.044129
PP,clamp,Rastrigin,2,5,200,,,2.000000,2.000000,2.000000,1.000000,1.000000,2.000000,,,,0.108496,0.017779,-0.015208
PP,clamp,Rastrigin,3,5,200,,,2.000000,2.000000,2.000000,1.000000,1.000000,2.000000,,,,0.122560,-0.013046,-0.021173
PP,clamp,Rastrigin,4,5,200,,,2.000000,2.000000,2.000000,1.000000,1.000000,2.000000,,,,0.761314,0.052124,-0.033895
PP,clamp,Rastrigin,5,5,200,,,2.000000,2.000000,2.000000,1.000000,1.000000,2.000000,,,,0.256955,-0.028899,-0.021518
PP,clamp,Rastrigin,6,5,200,,,2.000000,2.000000,2.000000,1.000000,1.000000,2.000000,,,,0.142167,-0.010187,0.024781
PP,clamp,Rastrigin,7,5,200,,,2.000000,2.000000,2.000000,1.000000,1.000000,2.000000,,,,0.028356,-0.002086,0.011775
PP,clamp,Rastrigin,8,5,200,,,2.000000,2.000000,2.000000,1.000000,1.000000,2.000000,,,,0.064410,-0.011926,-0.013513
PP,clamp,Rastrigin,9,5,200,,,2.000000,2.000000,2.000000,1.000000,1.000000,2.000000,,,,0.316216,-0.031432,-0.024704
PP,clamp,Rastrigin,10,5,200,,,2.000000,2.000000,2.000000,1.000000,1.000000,2.000000,,,,0.306396,0.032890,-0.021615
PP,clamp,Rastrigin,1,10,200,,,2.000000,2.000000,2.000000,1.000000,1.000000,2.000000,,,,0.220574,0.021813,-0.025260
PP,clamp,Rastrigin,2,10,200,,,2.000000,2.000000,2.000000,1.000000,1.000000,2.000000,,,,0.081037,-0.016799,0.011250
PP,clamp,Rastrigin,3,10,200,,,2.000000,2.000000,2.000000,1.000000,1.000000,2.000000,,,,0.197106,0.030696,-0.007362
PP,clamp,Rastrigin,4,10,200,,,2.000000,2.000000,2.000000,1.000000,1.000000,2.000000,,,,0.076867,0.014742,0.013053
PP,clamp,Rastrigin,5,10,200,,,2.000000,2.000000,2.000000,1.000000,1.000000,2.000000,,,,0.245283,-0.017557,0.030516
PP,clamp,Rastrigin,6,10,200,,,2.000000,2.000000,2.000000,1.000000,1.000000,2.000000,,,,0.367291,-0.029638,-0.031282
PP,clamp,Rastrigin,7,10,200,,,2.000000,2.000000,2.000000,1.000000,1.000000,2.000000,,,,0.066696,-0.018327,0.000814
PP,clamp,Rastrigin,8,10,200,,,2.000000,2.000000,2.000000,1.000000,1.000000,2.000000,,,,0.016003,0.001083,-0.008917
PP,clamp,Rastrigin,9,10,200,,,2.000000,2.000000,2.000000,1.000000,1.000000,2.000000,,,,0.091160,0.017875,-0.011848
PP,clamp,Rastrigin,10,10,200,,,2.000000,2.000000,2.000000,1.000000,1.000000,2.000000,,,,0.011512,-0.003433,-0.006801
PP,clamp,Rastrigin,1,25,200,,,2.000000,2.000000,2.000000,1.000000,1.000000,2.000000,,,,0.039438,0.000426,-0.014097
PP,clamp,Rastrigin,2,25,200,,,2.000000,2.000000,2.000000,1.000000,1.000000,2.000000,,,,0.003952,-0.000248,0.004457
PP,clamp,Rastrigin,3,25,200,,,2.000000,2.000000,2.000000,1.000000,1.000000,2.000000,,,,0.013427,0.008009,0.001885
PP,clamp,Rastrigin,4,25,200,,,2.000000,2.000000,2.000000,1.000000,1.000000,2.000000,,,,0.110024,-0.023303,-0.003537
PP,clamp,Rastrigin,5,25,200,,,2.000000,2.000000,2.000000,1.000000,1.000000,2.000000,,,,0.038844,0.005819,0.012729
PP,clamp,Rastrigin,6,25,200,,,2.000000,2.000000,2.000000,1.000000,1.000000,2.000000,,,,0.033595,-0.008769,-0.009617
PP,clamp,Rastrigin,7,25,200,,,2.000000,2.000000,2.000000,1.000000,1.000000,2.000000,,,,0.021730,-0.009230,0.004936
PP,clamp,Rastrigin,8,25,200,,,2.000000,2.000000,2.000000,1.000000,1.000000,2.000000,,,,0.018463,0.009506,-0.001651
PP,clamp,Rastrigin,9,25,200,,,2.000000,2.000000,2.000000,1.000000,1.000000,2.000000,,,,0.032827,0.004487,0.012058
PP,clamp,Rastrigin,10,25,200,,,2.000000,2.000000,2.000000,1.000000,1.000000,2.000000,,,,0.045191,0.014777,0.003095
PP,clamp,Rastrigin,1,50,200,,,2.000000,2.000000,2.000000,1.000000,1.000000,2.000000,,,,0.007982,0.000980,-0.006267
PP,clamp,Rastrigin,2,50,200,,,2.000000,2.000000,2.000000,1.000000,1.000000,2.000000,,,,0.014156,0.007036,0.004674
PP,clamp,Rastrigin,3,50,200,,,2.000000,2.000000,2.000000,1.000000,1.000000,2.000000,,,,0.050371,-0.015859,0.001608
PP,clamp,Rastrigin,4,50,200,,,2.000000,2.000000,2.000000,1.000000,1.000000,2.000000,,,,0.007320,0.002335,0.005608
PP,clamp,Rastrigin,5,50,200,,,2.000000,2.000000,2.000000,1.000000,1.000000,2.000000,,,,0.005473,0.003314,-0.004075
PP,clamp,Rastrigin,6,50,200,,,2.000000,2.000000,2.000000,1.000000,1.000000,2.000000,,,,0.022056,-0.005570,-0.008954
PP,clamp,Rastrigin,7,50,200,,,2.000000,2.000000,2.000000,1.000000,1.000000,2.000000,,,,0.007653,-0.000712,0.006170
PP,clamp,Rastrigin,8,50,200,,,2.000000,2.000000,2.000000,1.000000,1.000000,2.000000,,,,0.002917,-0.003053,0.002321
PP,clamp,Rastrigin,9,50,200,,,2.000000,2.000000,2.000000,1.000000,1.000000,2.000000,,,,0.029931,0.008765,0.008607
PP,clamp,Rastrigin,10,50,200,,,2.000000,2.000000,2.000000,1.000000,1.000000,2.000000,,,,0.038278,-0.013893,0.000210
PP,clamp,Rosenbrock,1,5,200,,,2.000000,2.000000,2.000000,0.100000,1.000000,2.000000,,,,0.013971,0.923505,0.843851
PP,clamp,Rosenbrock,2,5,200,,,2.000000,2.000000,2.000000,0.100000,1.000000,2.000000,,,,0.130486,1.197645,1.464589
PP,clamp,Rosenbrock,3,5,200,,,2.000000,2.000000,2.000000,0.100000,1.000000,2.000000,,,,0.026658,0.926673,0.873312
PP,clamp,Rosenbrock,4,5,200,,,2.000000,2.000000,2.000000,0.100000,1.000000,2.000000,,,,0.007568,0.953737,0.902247
PP,clamp,Rosenbrock,5,5,200,,,2.000000,2.000000,2.000000,0.100000,1.000000,2.000000,,,,0.007455,0.979167,0.950388
PP,clamp,Rosenbrock,6,5,200,,,2.000000,2.000000,2.000000,0.100000,1.000000,2.000000,,,,0.037086,1.165319,1.367845
PP,clamp,Rosenbrock,7,5,200,,,2.000000,2.000000,2.000000,0.100000,1.000000,2.000000,,,,0.013149,0.885340,0.783678
PP,clamp,Rosenbrock,8,5,200,,,2.000000,2.000000,2.000000,0.100000,1.000000,2.000000,,,,0.034210,0.849726,0.711251
PP,clamp,Rosenbrock,9,5,200,,,2.000000,2.000000,2.000000,0.100000,1.000000,2.000000,,,,0.008859,0.930515,0.872207
PP,clamp,Rosenbrock,10,5,200,,,2.000000,2.000000,2.000000,0.100000,1.000000,2.000000,,,,0.006092,1.023365,1.054724
PP,clamp,Rosenbrock,1,10,200,,,2.000000,2.000000,2.000000,0.100000,1.000000,2.000000,,,,0.006965,0.936470,0.882388
PP,clamp,Rosenbrock,2,10,200,,,2.000000,2.000000,2.000000,0.100000,1.000000,2.000000,,,,0.010906,0.910171,0.833738
PP,clamp,Rosenbrock,3,10,200,,,2.000000,2.000000,2.000000,0.100000,1.000000,2.000000,,,,0.026591,1.152530,1.334092
PP,clamp,Rosenbrock,4,10,200,,,2.000000,2.000000,2.000000,0.100000,1.000000,2.000000,,,,0.027364,1.150726,1.317354
PP,clamp,Rosenbrock,5,10,200,,,2.000000,2.000000,2.000000,0.100000,1.000000,2.000000,,,,0.004425,1.047341,1.092250
PP,clamp,Rosenbrock,6,10,200,,,2.000000,2.000000,2.000000,0.100000,1.000000,2.000000,,,,0.000519,0.979461,0.960332
PP,clamp,Rosenbrock,7,10,200,,,2.000000,2.000000,2.000000,0.100000,1.000000,2.000000,,,,0.000847,1.003108,1.003333
PP,clamp,Rosenbrock,8,10,200,,,2.000000,2.000000,2.000000,0.100000,1.000000,2.000000,,,,0.004401,1.063955,1.130237
PP,clamp,Rosenbrock,9,10,200,,,2.000000,2.000000,2.000000,0.100000,1.000000,2.000000,,,,0.010901,1.029680,1.070251
PP,clamp,Rosenbrock,10,10,200,,,2.000000,2.000000,2.000000,0.100000,1.000000,2.000000,,,,0.004016,0.936853,0.877157
PP,clamp,Rosenbrock,1,25,200,,,2.000000,2.000000,2.000000,0.100000,1.000000,2.000000,,,,0.005368,0.998575,0.989827
PP,clamp,Rosenbrock,2,25,200,,,2.000000,2.000000,2.000000,0.100000,1.000000,2.000000,,,,0.006805,1.057735,1.112910
PP,clamp,Rosenbrock,3,25,200,,,2.000000,2.000000,2.000000,0.100000,1.000000,2.000000,,,,0.002820,0.982353,0.970026
PP,clamp,Rosenbrock,4,25,200,,,2.000000,2.000000,2.000000,0.100000,1.000000,2.000000,,,,0.000052,1.001942,1.004579
PP,clamp,Rosenbrock,5,25,200,,,2.000000,2.000000,2.000000,0.100000,1.000000,2.000000,,,,0.002254,1.042726,1.085209
PP,clamp,Rosenbrock,6,25,200,,,2.000000,2.000000,2.000000,0.100000,1.000000,2.000000,,,,0.002718,0.955939,0.916607
PP,clamp,Rosenbrock,7,25,200,,,2.000000,2.000000,2.000000,0.100000,1.000000,2.000000,,,,0.000260,1.016036,1.032496
PP,clamp,Rosenbrock,8,25,200,,,2.000000,2.000000,2.000000,0.100000,1.000000,2.000000,,,,0.003330,1.027912,1.051552
PP,clamp,Rosenbrock,9,25,200,,,2.000000,2.000000,2.000000,0.100000,1.000000,2.000000,,,,0.007559,0.916479,0.842348
PP,clamp,Rosenbrock,10,25,200,,,2.000000,2.000000,2.000000,0.100000,1.000000,2.000000,,,,0.001198,1.025778,1.054529
PP,clamp,Rosenbrock,1,50,200,,,2.000000,2.000000,2.000000,0.100000,1.000000,2.000000,,,,0.000732,0.973388,0.947969
PP,clamp,Rosenbrock,2,50,200,,,2.000000,2.000000,2.000000,0.100000,1.000000,2.000000,,,,0.001601,1.014958,1.033852
PP,clamp,Rosenbrock,3,50,200,,,2.000000,2.000000,2.000000,0.100000,1.000000,2.000000,,,,0.000483,1.020490,1.040609
PP,clamp,Rosenbrock,4,50,200,,,2.000000,2.000000,2.000000,0.100000,1.000000,2.000000,,,,0.000073,1.001052,1.002953
PP,clamp,Rosenbrock,5,50,200,,,2.000000,2.000000,2.000000,0.100000,1.000000,2.000000,,,,0.003407,0.981266,0.957356
PP,clamp,Rosenbrock,6,50,200,,,2.000000,2.000000,2.000000,0.100000,1.000000,2.000000,,,,0.003022,0.967125,0.939737
PP,clamp,Rosenbrock,7,50,200,,,2.000000,2.000000,2.000000,0.100000,1.000000,2.000000,,,,0.001033,0.968120,0.936844
PP,clamp,Rosenbrock,8,50,200,,,2.000000,2.000000,2.000000,0.100000,1.000000,2.000000,,,,0.001084,1.014094,1.031363
PP,clamp,Rosenbrock,9,50,200,,,2.000000,2.000000,2.000000,0.100000,1.000000,2.000000,,,,0.005016,0.929673,0.865130
PP,clamp,Rosenbrock,10,50,200,,,2.000000,2.000000,2.000000,0.100000,1.000000,2.000000,,,,0.003026,0.985237,0.965393
PP,inertia,Rastrigin,1,5,200,0.900000,0.400000,2.000000,2.000000,5.000000,1.000000,1.000000,2.000000,,,,0.194116,0.010480,0.029515
PP,inertia,Rastrigin,2,5,200,0.900000,0.400000,2.000000,2.000000,5.000000,1.000000,1.000000,2.000000,,,,0.149491,-0.015071,-0.022966
PP,inertia,Rastrigin,3,5,200,0.900000,0.400000,2.000000,2.000000,5.000000,1.000000,1.000000,2.000000,,,,0.009542,-0.006471,0.002494
PP,inertia,Rastrigin,4,5,200,0.900000,0.400000,2.000000,2.000000,5.000000,1.000000,1.000000,2.000000,,,,0.020807,-0.002883,0.009829
PP,inertia,Rastrigin,5,5,200,0.900000,0.400000,2.000000,2.000000,5.000000,1.000000,1.000000,2.000000,,,,0.016343,-0.000209,0.009075
PP,inertia,Rastrigin,6,5,200,0.900000,0.400000,2.000000,2.000000,5.000000,1.000000,1.000000,2.000000,,,,0.143381,-0.020349,-0.017593
PP,inertia,Rastrigin,7,5,200,0.900000,0.400000,2.000000,2.000000,5.000000,1.000000,1.000000,2.000000,,,,0.018311,0.009022,0.003305
PP,inertia,Rastrigin,8,5,200,0.900000,0.400000,2.000000,2.000000,5.000000,1.000000,1.000000,2.000000,,,,0.030579,0.005400,-0.011181
PP,inertia,Rastrigin,9,5,200,0.900000,0.400000,2.000000,2.000000,5.000000,1.000000,1.000000,2.000000,,,,0.129031,-0.009135,0.023833
PP,inertia,Rastrigin,10,5,200,0.900000,0.400000,2.000000,2.000000,5.000000,1.000000,1.000000,2.000000,,,,0.104630,0.019823,-0.011620
PP,inertia,Rastrigin,1,10,200,0.900000,0.400000,2.000000,2.000000,5.000000,1.000000,1.000000,2.000000,,,,0.037606,-0.009233,0.010216
PP,inertia,Rastrigin,2,10,200,0.900000,0.400000,2.000000,2.000000,5.000000,1.000000,1.000000,2.000000,,,,0.013216,0.007970,-0.001762
PP,inertia,Rastrigin,3,10,200,0.900000,0.400000,2.000000,2.000000,5.000000,1.000000,1.000000,2.000000,,,,0.007048,-0.005931,0.000590
PP,inertia,Rastrigin,4,10,200,0.900000,0.400000,2.000000,2.000000,5.000000,1.000000,1.000000,2.000000,,,,0.130829,-0.015057,-0.020821
PP,inertia,Rastrigin,5,10,200,0.900000,0.400000,2.000000,2.000000,5.000000,1.000000,1.000000,2.000000,,,,0.076922,0.008205,-0.017910
PP,inertia,Rastrigin,6,10,200,0.900000,0.400000,2.000000,2.000000,5.000000,1.000000,1.000000,2.000000,,,,0.026901,-0.011457,0.002095
PP,inertia,Rastrigin,7,10,200,0.900000,0.400000,2.000000,2.000000,5.000000,1.000000,1.000000,2.000000,,,,0.015600,0.003113,-0.008304
PP,inertia,Rastrigin,8,10,200,0.900000,0.400000,2.000000,2.000000,5.000000,1.000000,1.000000,2.000000,,,,0.071863,-0.007686,0.017420
PP,inertia,Rastrigin,9,10,200,0.900000,0.400000,2.000000,2.000000,5.000000,1.000000,1.000000,2.000000,,,,0.043824,0.009615,0.011337
PP,inertia,Rastrigin,10,10,200,0.900000,0.400000,2.000000,2.000000,5.000000,1.000000,1.000000,2.000000,,,,0.031689,-0.010375,-0.007221
PP,inertia,Rastrigin,1,25,200,0.900000,0.400000,2.000000,2.000000,5.000000,1.000000,1.000000,2.000000,,,,0.024037,-0.004764,0.009925
PP,inertia,Rastrigin,2,25,200,0.900000,0.400000,2.000000,2.000000,5.000000,1.000000,1.000000,2.000000,,,,0.022401,-0.009814,-0.004077
PP,inertia,Rastrigin,3,25,200,0.900000,0.400000,2.000000,2.000000,5.000000,1.000000,1.000000,2.000000,,,,0.011513,-0.007383,-0.001880
PP,inertia,Rastrigin,4,25,200,0.900000,0.400000,2.000000,2.000000,5.000000,1.000000,1.000000,2.000000,,,,0.036252,-0.009012,0.010079
PP,inertia,Rastrigin,5,25,200,0.900000,0.400000,2.000000,2.000000,5.000000,1.000000,1.000000,2.000000,,,,0.004544,-0.003045,0.003692
PP,inertia,Rastrigin,6,25,200,0.900000,0.400000,2.000000,2.000000,5.000000,1.000000,1.000000,2.000000,,,,0.016503,0.005726,0.007100
PP,inertia,Rastrigin,7,25,200,0.900000,0.400000,2.000000,2.000000,5.000000,1.000000,1.000000,2.000000,,,,0.001192,-0.000724,0.002342
PP,inertia,Rastrigin,8,25,200,0.900000,0.400000,2.000000,2.000000,5.000000,1.000000,1.000000,2.000000,,,,0.018247,-0.008817,-0.003776
PP,inertia,Rastrigin,9,25,200,0.900000,0.400000,2.000000,2.000000,5.000000,1.000000,1.000000,2.000000,,,,0.002029,0.002467,0.002035
PP,inertia,Rastrigin,10,25,200,0.900000,0.400000,2.000000,2.000000,5.000000,1.000000,1.000000,2.000000,,,,0.000150,0.000667,0.000558
PP,inertia,Rastrigin,1,50,200,0.900000,0.400000,2.000000,2.000000,5.000000,1.000000,1.000000,2.000000,,,,0.006442,0.002346,-0.005193
PP,inertia,Rastrigin,2,50,200,0.900000,0.400000,2.000000,2.000000,5.000000,1.000000,1.000000,2.000000,,,,0.004331,-0.000579,0.004637
PP,inertia,Rastrigin,3,50,200,0.900000,0.400000,2.000000,2.000000,5.000000,1.000000,1.000000,2.000000,,,,0.016635,0.006991,-0.005915
PP,inertia,Rastrigin,4,50,200,0.900000,0.400000,2.000000,2.000000,5.000000,1.000000,1.000000,2.000000,,,,0.005997,-0.005498,0.000060
PP,inertia,Rastrigin,5,50,200,0.900000,0.400000,2.000000,2.000000,5.000000,1.000000,1.000000,2.000000,,,,0.008808,-0.003989,-0.005337
PP,inertia,Rastrigin,6,50,200,0.900000,0.400000,2.000000,2.000000,5.000000,1.000000,1.000000,2.000000,,,,0.007762,0.006246,0.000344
PP,inertia,Rastrigin,7,50,200,0.900000,0.400000,2.000000,2.000000,5.000000,1.000000,1.000000,2.000000,,,,0.005808,0.004369,0.003192
PP,inertia,Rastrigin,8,50,200,0.900000,0.400000,2.000000,2.000000,5.000000,1.000000,1.000000,2.000000,,,,0.027390,-0.005037,-0.010618
PP,inertia,Rastrigin,9,50,200,0.900000,0.400000,2.000000,2.000000,5.000000,1.000000,1.000000,2.000000,,,,0.001984,0.003151,-0.000265
PP,inertia,Rastrigin,10,50,200,0.900000,0.400000,2.000000,2.000000,5.000000,1.000000,1.000000,2.000000,,,,0.002886,0.003678,0.001008
PP,inertia,Rosenbrock,1,5,200,0.900000,0.400000,2.000000,2.000000,5.000000,0.100000,1.000000,2.000000,,,,0.034833,0.820370,0.667941
PP,inertia,Rosenbrock,2,5,200,0.900000,0.400000,2.000000,2.000000,5.000000,0.100000,1.000000,2.000000,,,,0.757384,1.751691,3.024563
PP,inertia,Rosenbrock,3,5,200,0.900000,0.400000,2.000000,2.000000,5.000000,0.100000,1.000000,2.000000,,,,0.001625,1.031426,1.066364
PP,inertia,Rosenbrock,4,5,200,0.900000,0.400000,2.000000,2.000000,5.000000,0.100000,1.000000,2.000000,,,,0.004827,0.945943,0.890444
PP,inertia,Rosenbrock,5,5,200,0.900000,0.400000,2.000000,2.000000,5.000000,0.100000,1.000000,2.000000,,,,0.011261,0.992500,0.995641
PP,inertia,Rosenbrock,6,5,200,0.900000,0.400000,2.000000,2.000000,5.000000,0.100000,1.000000,2.000000,,,,0.009935,1.031231,1.053971
PP,inertia,Rosenbrock,7,5,200,0.900000,0.400000,2.000000,2.000000,5.000000,0.100000,1.000000,2.000000,,,,0.002737,0.959359,0.917075
PP,inertia,Rosenbrock,8,5,200,0.900000,0.400000,2.000000,2.000000,5.000000,0.100000,1.000000,2.000000,,,,0.046718,1.185033,1.415475
PP,inertia,Rosenbrock,9,5,200,0.900000,0.400000,2.000000,2.000000,5.000000,0.100000,1.000000,2.000000,,,,0.040069,1.187977,1.418168
PP,inertia,Rosenbrock,10,5,200,0.900000,0.400000,2.000000,2.000000,5.000000,0.100000,1.000000,2.000000,,,,0.027514,1.146654,1.322567
PP,inertia,Rosenbrock,1,10,200,0.900000,0.400000,2.000000,2.000000,5.000000,0.100000,1.000000,2.000000,,,,0.000152,0.989844,0.980490
PP,inertia,Rosenbrock,2,10,200,0.900000,0.400000,2.000000,2.000000,5.000000,0.100000,1.000000,2.000000,,,,0.000641,0.996717,0.995957
PP,inertia,Rosenbrock,3,10,200,0.900000,0.400000,2.000000,2.000000,5.000000,0.100000,1.000000,2.000000,,,,0.009332,1.080435,1.172690
PP,inertia,Rosenbrock,4,10,200,0.900000,0.400000,2.000000,2.000000,5.000000,0.100000,1.000000,2.000000,,,,0.003674,1.003601,1.001164
PP,inertia,Rosenbrock,5,10,200,0.900000,0.400000,2.000000,2.000000,5.000000,0.100000,1.000000,2.000000,,,,0.000774,1.006715,1.016175
PP,inertia,Rosenbrock,6,10,200,0.900000,0.400000,2.000000,2.000000,5.000000,0.100000,1.000000,2.000000,,,,0.006089,0.923209,0.850927
PP,inertia,Rosenbrock,7,10,200,0.900000,0.400000,2.000000,2.000000,5.000000,0.100000,1.000000,2.000000,,,,0.002202,0.958089,0.920045
PP,inertia,Rosenbrock,8,10,200,0.900000,0.400000,2.000000,2.000000,5.000000,0.100000,1.000000,2.000000,,,,0.006993,1.028033,1.048973
PP,inertia,Rosenbrock,9,10,200,0.900000,0.400000,2.000000,2.000000,5.000000,0.100000,1.000000,2.000000,,,,0.012195,0.901982,0.808485
PP,inertia,Rosenbrock,10,10,200,0.900000,0.400000,2.000000,2.000000,5.000000,0.100000,1.000000,2.000000,,,,0.005079,1.020128,1.033825
PP,inertia,Rosenbrock,1,25,200,0.900000,0.400000,2.000000,2.000000,5.000000,0.100000,1.000000,2.000000,,,,0.002827,0.991256,0.987834
PP,inertia,Rosenbrock,2,25,200,0.900000,0.400000,2.000000,2.000000,5.000000,0.100000,1.000000,2.000000,,,,0.003387,1.055543,1.115909
PP,inertia,Rosenbrock,3,25,200,0.900000,0.400000,2.000000,2.000000,5.000000,0.100000,1.000000,2.000000,,,,0.001205,0.971694,0.942179
PP,inertia,Rosenbrock,4,25,200,0.900000,0.400000,2.000000,2.000000,5.000000,0.100000,1.000000,2.000000,,,,0.000750,0.982867,0.968164
PP,inertia,Rosenbrock,5,25,200,0.900000,0.400000,2.000000,2.000000,5.000000,0.100000,1.000000,2.000000,,,,0.000078,0.991783,0.983960
PP,inertia,Rosenbrock,6,25,200,0.900000,0.400000,2.000000,2.000000,5.000000,0.100000,1.000000,2.000000,,,,0.002841,0.946745,0.896115
PP,inertia,Rosenbrock,7,25,200,0.900000,0.400000,2.000000,2.000000,5.000000,0.100000,1.000000,2.000000,,,,0.000759,1.010705,1.018986
PP,inertia,Rosenbrock,8,25,200,0.900000,0.400000,2.000000,2.000000,5.000000,0.100000,1.000000,2.000000,,,,0.002621,1.015273,1.035667
PP,inertia,Rosenbrock,9,25,200,0.900000,0.400000,2.000000,2.000000,5.000000,0.100000,1.000000,2.000000,,,,0.002016,1.002907,1.010303
PP,inertia,Rosenbrock,10,25,200,0.900000,0.400000,2.000000,2.000000,5.000000,0.100000,1.000000,2.000000,,,,0.000222,0.985093,0.970359
PP,inertia,Rosenbrock,1,50,200,0.900000,0.400000,2.000000,2.000000,5.000000,0.100000,1.000000,2.000000,,,,0.000173,1.002183,1.003075
PP,inertia,Rosenbrock,2,50,200,0.900000,0.400000,2.000000,2.000000,5.000000,0.100000,1.000000,2.000000,,,,0.000559,0.989393,0.976785
PP,inertia,Rosenbrock,3,50,200,0.900000,0.400000,2.000000,2.000000,5.000000,0.100000,1.000000,2.000000,,,,0.000067,0.995319,0.991334
PP,inertia,Rosenbrock,4,50,200,0.900000,0.400000,2.000000,2.000000,5.000000,0.100000,1.000000,2.000000,,,,0.000078,1.008058,1.015815
PP,inertia,Rosenbrock,5,50,200,0.900000,0.400000,2.000000,2.000000,5.000000,0.100000,1.000000,2.000000,,,,0.000244,1.004315,1.007148
PP,inertia,Rosenbrock,6,50,200,0.900000,0.400000,2.000000,2.000000,5.000000,0.100000,1.000000,2.000000,,,,0.000006,0.999895,1.000029
PP,inertia,Rosenbrock,7,50,200,0.900000,0.400000,2.000000,2.000000,5.000000,0.100000,1.000000,2.000000,,,,0.001633,0.966441,0.936260
PP,inertia,Rosenbrock,8,50,200,0.900000,0.400000,2.000000,2.000000,5.000000,0.100000,1.000000,2.000000,,,,0.000976,0.984421,0.966377
PP,inertia,Rosenbrock,9,50,200,0.900000,0.400000,2.000000,2.000000,5.000000,0.100000,1.000000,2.000000,,,,0.000759,0.979257,0.960758
PP,inertia,Rosenbrock,10,50,200,0.900000,0.400000,2.000000,2.000000,5.000000,0.100000,1.000000,2.000000,,,,0.000231,0.988295,0.975758
CP,clamp,Rastrigin,1,5,200,,,2.000000,2.000000,2.000000,,,,1.000000,0.010000,5.000000,0.059239,0.016245,0.005910
CP,clamp,Rastrigin,2,5,200,,,2.000000,2.000000,2.000000,,,,1.000000,0.010000,5.000000,0.757120,-0.058595,-0.020541
CP,clamp,Rastrigin,3,5,200,,,2.000000,2.000000,2.000000,,,,1.000000,0.010000,5.000000,1.761062,-0.031736,0.941137
CP,clamp,Rastrigin,4,5,200,,,2.000000,2.000000,2.000000,,,,1.000000,0.010000,5.000000,1.613968,0.991185,-0.056018
CP,clamp,Rastrigin,5,5,200,,,2.000000,2.000000,2.000000,,,,1.000000,0.010000,5.000000,0.100901,-0.012665,0.018673
CP,clamp,Rastrigin,6,5,200,,,2.000000,2.000000,2.000000,,,,1.000000,0.010000,5.000000,1.037616,-0.048373,-0.054186
CP,clamp,Rastrigin,7,5,200,,,2.000000,2.000000,2.000000,,,,1.000000,0.010000,5.000000,0.202492,-0.029258,0.012928
CP,clamp,Rastrigin,8,5,200,,,2.000000,2.000000,2.000000,,,,1.000000,0.010000,5.000000,0.375341,-0.031830,-0.029743
CP,clamp,Rastrigin,9,5,200,,,2.000000,2.000000,2.000000,,,,1.000000,0.010000,5.000000,1.000887,-0.990072,0.002453
CP,clamp,Rastrigin,10,5,200,,,2.000000,2.000000,2.000000,,,,1.000000,0.010000,5.000000,1.104245,-0.999604,-0.023026
CP,clamp,Rastrigin,1,10,200,,,2.000000,2.000000,2.000000,,,,1.000000,0.010000,5.000000,1.436602,-0.072261,-0.046075
CP,clamp,Rastrigin,2,10,200,,,2.000000,2.000000,2.000000,,,,1.000000,0.010000,5.000000,0.256516,-0.016039,-0.032241
CP,clamp,Rastrigin,3,10,200,,,2.000000,2.000000,2.000000,,,,1.000000,0.010000,5.000000,0.255781,0.004487,0.035699
CP,clamp,Rastrigin,4,10,200,,,2.000000,2.000000,2.000000,,,,1.000000,0.010000,5.000000,0.496200,-0.049686,-0.007229
CP,clamp,Rastrigin,5,10,200,,,2.000000,2.000000,2.000000,,,,1.000000,0.010000,5.000000,1.044736,0.043470,-0.058535
CP,clamp,Rastrigin,6,10,200,,,2.000000,2.000000,2.000000,,,,1.000000,0.010000,5.000000,0.876469,-0.029881,-0.059742
CP,clamp,Rastrigin,7,10,200,,,2.000000,2.000000,2.000000,,,,1.000000,0.010000,5.000000,0.160230,0.024407,-0.014602
CP,clamp,Rastrigin,8,10,200,,,2.000000,2.000000,2.000000,,,,1.000000,0.010000,5.000000,0.017043,0.008799,-0.002916
CP,clamp,Rastrigin,9,10,200,,,2.000000,2.000000,2.000000,,,,1.000000,0.010000,5.000000,1.109736,-0.019071,1.009632
CP,clamp,Rastrigin,10,10,200,,,2.000000,2.000000,2.000000,,,,1.000000,0.010000,5.000000,0.031850,-0.000799,-0.012649
CP,clamp,Rastrigin,1,25,200,,,2.000000,2.000000,2.000000,,,,1.000000,0.010000,5.000000,1.129015,0.075898,-0.006174
CP,clamp,Rastrigin,2,25,200,,,2.000000,2.000000,2.000000,,,,1.000000,0.010000,5.000000,0.069407,0.007680,-0.017063
CP,clamp,Rastrigin,3,25,200,,,2.000000,2.000000,2.000000,,,,1.000000,0.010000,5.000000,0.019130,-0.009548,0.002300
CP,clamp,Rastrigin,4,25,200,,,2.000000,2.000000,2.000000,,,,1.000000,0.010000,5.000000,0.857624,0.035951,0.055376
CP,clamp,Rastrigin,5,25,200,,,2.000000,2.000000,2.000000,,,,1.000000,0.010000,5.000000,0.008939,-0.002296,-0.006308
CP,clamp,Rastrigin,6,25,200,,,2.000000,2.000000,2.000000,,,,1.000000,0.010000,5.000000,0.232221,-0.030781,0.015037
CP,clamp,Rastrigin,7,25,200,,,2.000000,2.000000,2.000000,,,,1.000000,0.010000,5.000000,0.805751,-0.039518,-0.050285
CP,clamp,Rastrigin,8,25,200,,,2.000000,2.000000,2.000000,,,,1.000000,0.010000,5.000000,0.342721,-0.025392,-0.032985
CP,clamp,Rastrigin,9,25,200,,,2.000000,2.000000,2.000000,,,,1.000000,0.010000,5.000000,0.511931,0.010373,-0.049931
CP,clamp,Rastrigin,10,25,200,,,2.000000,2.000000,2.000000,,,,1.000000,0.010000,5.000000,0.126020,0.008264,0.023832
CP,clamp,Rastrigin,1,50,200,,,2.000000,2.000000,2.000000,,,,1.000000,0.010000,5.000000,0.065141,0.012167,-0.013435
CP,clamp,Rastrigin,2,50,200,,,2.000000,2.000000,2.000000,,,,1.000000,0.010000,5.000000,0.286543,-0.011248,0.036381
CP,clamp,Rastrigin,3,50,200,,,2.000000,2.000000,2.000000,,,,1.000000,0.010000,5.000000,0.466914,-0.035104,-0.033621
CP,clamp,Rastrigin,4,50,200,,,2.000000,2.000000,2.000000,,,,1.000000,0.010000,5.000000,0.134348,-0.003995,-0.025742
CP,clamp,Rastrigin,5,50,200,,,2.000000,2.000000,2.000000,,,,1.000000,0.010000,5.000000,0.191366,0.019319,-0.024351
CP,clamp,Rastrigin,6,50,200,,,2.000000,2.000000,2.000000,,,,1.000000,0.010000,5.000000,0.571854,-0.051496,-0.015930
CP,clamp,Rastrigin,7,50,200,,,2.000000,2.000000,2.000000,,,,1.000000,0.010000,5.000000,0.382232,0.042777,0.010379
CP,clamp,Rastrigin,8,50,200,,,2.000000,2.000000,2.000000,,,,1.000000,0.010000,5.000000,0.032785,-0.006029,-0.011356
CP,clamp,Rastrigin,9,50,200,,,2.000000,2.000000,2.000000,,,,1.000000,0.010000,5.000000,0.693765,0.020700,-0.055681
CP,clamp,Rastrigin,10,50,200,,,2.000000,2.000000,2.000000,,,,1.000000,0.010000,5.000000,0.728610,-0.043760,0.042189
CP,clamp,Rosenbrock,1,5,200,,,2.000000,2.000000,2.000000,,,,3.000000,0.100000,2.000000,0.021911,0.976245,0.938443
CP,clamp,Rosenbrock,2,5,200,,,2.000000,2.000000,2.000000,,,,3.000000,0.100000,2.000000,0.036709,0.839228,0.693881
CP,clamp,Rosenbrock,3,5,200,,,2.000000,2.000000,2.000000,,,,3.000000,0.100000,2.000000,0.046903,0.977119,0.976298
CP,clamp,Rosenbrock,4,5,200,,,2.000000,2.000000,2.000000,,,,3.000000,0.100000,2.000000,0.195820,1.437383,2.059351
CP,clamp,Rosenbrock,5,5,200,,,2.000000,2.000000,2.000000,,,,3.000000,0.100000,2.000000,0.069908,0.808923,0.636082
CP,clamp,Rosenbrock,6,5,200,,,2.000000,2.000000,2.000000,,,,3.000000,0.100000,2.000000,0.031066,0.982409,0.947590
CP,clamp,Rosenbrock,7,5,200,,,2.000000,2.000000,2.000000,,,,3.000000,0.100000,2.000000,0.171612,0.921251,0.889374
CP,clamp,Rosenbrock,8,5,200,,,2.000000,2.000000,2.000000,,,,3.000000,0.100000,2.000000,0.010337,0.945094,0.901760
CP,clamp,Rosenbrock,9,5,200,,,2.000000,2.000000,2.000000,,,,3.000000,0.100000,2.000000,0.054789,0.771222,0.589835
CP,clamp,Rosenbrock,10,5,200,,,2.000000,2.000000,2.000000,,,,3.000000,0.100000,2.000000,0.046042,0.860916,0.724837
CP,clamp,Rosenbrock,1,10,200,,,2.000000,2.000000,2.000000,,,,3.000000,0.100000,2.000000,0.003940,1.016714,1.039758
CP,clamp,Rosenbrock,2,10,200,,,2.000000,2.000000,2.000000,,,,3.000000,0.100000,2.000000,0.000767,1.012081,1.021815
CP,clamp,Rosenbrock,3,10,200,,,2.000000,2.000000,2.000000,,,,3.000000,0.100000,2.000000,0.059773,1.180143,1.376209
CP,clamp,Rosenbrock,4,10,200,,,2.000000,2.000000,2.000000,,,,3.000000,0.100000,2.000000,0.163146,0.734488,0.509034
CP,clamp,Rosenbrock,5,10,200,,,2.000000,2.000000,2.000000,,,,3.000000,0.100000,2.000000,0.005669,0.956619,0.921275
CP,clamp,Rosenbrock,6,10,200,,,2.000000,2.000000,2.000000,,,,3.000000,0.100000,2.000000,0.037027,0.961746,0.943813
CP,clamp,Rosenbrock,7,10,200,,,2.000000,2.000000,2.000000,,,,3.000000,0.100000,2.000000,0.019262,1.050245,1.115952
CP,clamp,Rosenbrock,8,10,200,,,2.000000,2.000000,2.000000,,,,3.000000,0.100000,2.000000,0.259421,0.747598,0.514663
CP,clamp,Rosenbrock,9,10,200,,,2.000000,2.000000,2.000000,,,,3.000000,0.100000,2.000000,0.145755,1.034156,1.031453
CP,clamp,Rosenbrock,10,10,200,,,2.000000,2.000000,2.000000,,,,3.000000,0.100000,2.000000,0.076061,0.848349,0.696660
CP,clamp,Rosenbrock,1,25,200,,,2.000000,2.000000,2.000000,,,,3.000000,0.100000,2.000000,0.070441,0.966452,0.960357
CP,clamp,Rosenbrock,2,25,200,,,2.000000,2.000000,2.000000,,,,3.000000,0.100000,2.000000,0.024370,0.860597,0.733600
CP,clamp,Rosenbrock,3,25,200,,,2.000000,2.000000,2.000000,,,,3.000000,0.100000,2.000000,0.231291,0.519165,0.270479
CP,clamp,Rosenbrock,4,25,200,,,2.000000,2.000000,2.000000,,,,3.000000,0.100000,2.000000,0.165960,0.892955,0.836676
CP,clamp,Rosenbrock,5,25,200,,,2.000000,2.000000,2.000000,,,,3.000000,0.100000,2.000000,0.014768,0.954083,0.899024
CP,clamp,Rosenbrock,6,25,200,,,2.000000,2.000000,2.000000,,,,3.000000,0.100000,2.000000,0.033434,1.085015,1.193447
CP,clamp,Rosenbrock,7,25,200,,,2.000000,2.000000,2.000000,,,,3.000000,0.100000,2.000000,0.292395,0.507310,0.235081
CP,clamp,Rosenbrock,8,25,200,,,2.000000,2.000000,2.000000,,,,3.000000,0.100000,2.000000,0.056851,0.785415,0.627271
CP,clamp,Rosenbrock,9,25,200,,,2.000000,2.000000,2.000000,,,,3.000000,0.100000,2.000000,0.120568,0.661116,0.429508
CP,clamp,Rosenbrock,10,25,200,,,2.000000,2.000000,2.000000,,,,3.000000,0.100000,2.000000,0.099748,0.972410,0.914119
CP,clamp,Rosenbrock,1,50,200,,,2.000000,2.000000,2.000000,,,,3.000000,0.100000,2.000000,0.367244,0.847889,0.660255
CP,clamp,Rosenbrock,2,50,200,,,2.000000,2.000000,2.000000,,,,3.000000,0.100000,2.000000,0.100430,0.737517,0.526174
CP,clamp,Rosenbrock,3,50,200,,,2.000000,2.000000,2.000000,,,,3.000000,0.100000,2.000000,0.049450,0.847826,0.735023
CP,clamp,Rosenbrock,4,50,200,,,2.000000,2.000000,2.000000,,,,3.000000,0.100000,2.000000,0.205929,1.416158,1.987408
CP,clamp,Rosenbrock,5,50,200,,,2.000000,2.000000,2.000000,,,,3.000000,0.100000,2.000000,0.025521,0.842311,0.712046
CP,clamp,Rosenbrock,6,50,200,,,2.000000,2.000000,2.000000,,,,3.000000,0.100000,2.000000,0.161034,1.401290,1.963682
CP,clamp,Rosenbrock,7,50,200,,,2.000000,2.000000,2.000000,,,,3.000000,0.100000,2.000000,0.108903,0.702695,0.479457
CP,clamp,Rosenbrock,8,50,200,,,2.000000,2.000000,2.000000,,,,3.000000,0.100000,2.000000,0.032810,0.880992,0.789803
CP,clamp,Rosenbrock,9,50,200,,,2.000000,2.000000,2.000000,,,,3.000000,0.100000,2.000000,0.061607,0.807101,0.667032
CP,clamp,Rosenbrock,10,50,200,,,2.000000,2.000000,2.000000,,,,3.000000,0.100000,2.000000,0.043625,1.198493,1.442887
CP,inertia,Rastrigin,1,5,200,0.900000,0.400000,2.000000,2.000000,5.000000,,,,1.000000,0.010000,5.000000,1.235399,-0.068638,-0.039955
CP,inertia,Rastrigin,2,5,200,0.900000,0.400000,2.000000,2.000000,5.000000,,,,1.000000,0.010000,5.000000,1.003413,-0.997198,0.006132
CP,inertia,Rastrigin,3,5,200,0.900000,0.400000,2.000000,2.000000,5.000000,,,,1.000000,0.010000,5.000000,0.217015,0.029983,0.014059
CP,inertia,Rastrigin,4,5,200,0.900000,0.400000,2.000000,2.000000,5.000000,,,,1.000000,0.010000,5.000000,1.127623,-1.007698,0.022523
CP,inertia,Rastrigin,5,5,200,0.900000,0.400000,2.000000,2.000000,5.000000,,,,1.000000,0.010000,5.000000,0.086041,0.020260,0.004878
CP,inertia,Rastrigin,6,5,200,0.900000,0.400000,2.000000,2.000000,5.000000,,,,1.000000,0.010000,5.000000,1.438570,0.010812,1.041095
CP,inertia,Rastrigin,7,5,200,0.900000,0.400000,2.000000,2.000000,5.000000,,,,1.000000,0.010000,5.000000,2.020749,-0.984546,0.988089
CP,inertia,Rastrigin,8,5,200,0.900000,0.400000,2.000000,2.000000,5.000000,,,,1.000000,0.010000,5.000000,0.560892,-0.031011,0.043360
CP,inertia,Rastrigin,9,5,200,0.900000,0.400000,2.000000,2.000000,5.000000,,,,1.000000,0.010000,5.000000,2.583843,-0.935021,0.067389
CP,inertia,Rastrigin,10,5,200,0.900000,0.400000,2.000000,2.000000,5.000000,,,,1.000000,0.010000,5.000000,1.423993,-0.005056,0.085593
CP,inertia,Rastrigin,1,10,200,0.900000,0.400000,2.000000,2.000000,5.000000,,,,1.000000,0.010000,5.000000,0.585799,0.031814,0.044232
CP,inertia,Rastrigin,2,10,200,0.900000,0.400000,2.000000,2.000000,5.000000,,,,1.000000,0.010000,5.000000,0.892085,0.061065,0.028549
CP,inertia,Rastrigin,3,10,200,0.900000,0.400000,2.000000,2.000000,5.000000,,,,1.000000,0.010000,5.000000,0.873369,0.040760,0.052678
CP,inertia,Rastrigin,4,10,200,0.900000,0.400000,2.000000,2.000000,5.000000,,,,1.000000,0.010000,5.000000,0.668125,-0.056372,-0.014932
CP,inertia,Rastrigin,5,10,200,0.900000,0.400000,2.000000,2.000000,5.000000,,,,1.000000,0.010000,5.000000,1.047658,1.004888,-0.012928
CP,inertia,Rastrigin,6,10,200,0.900000,0.400000,2.000000,2.000000,5.000000,,,,1.000000,0.010000,5.000000,0.028060,0.008338,-0.008482
CP,inertia,Rastrigin,7,10,200,0.900000,0.400000,2.000000,2.000000,5.000000,,,,1.000000,0.010000,5.000000,0.967612,0.014825,0.068778
CP,inertia,Rastrigin,8,10,200,0.900000,0.400000,2.000000,2.000000,5.000000,,,,1.000000,0.010000,5.000000,0.610144,0.039620,0.039004
CP,inertia,Rastrigin,9,10,200,0.900000,0.400000,2.000000,2.000000,5.000000,,,,1.000000,0.010000,5.000000,1.412045,-0.974807,0.041317
CP,inertia,Rastrigin,10,10,200,0.900000,0.400000,2.000000,2.000000,5.000000,,,,1.000000,0.010000,5.000000,1.322416,-0.968265,0.030728
CP,inertia,Rastrigin,1,25,200,0.900000,0.400000,2.000000,2.000000,5.000000,,,,1.000000,0.010000,5.000000,0.274463,-0.018707,0.032209
CP,inertia,Rastrigin,2,25,200,0.900000,0.400000,2.000000,2.000000,5.000000,,,,1.000000,0.010000,5.000000,0.683998,-0.004341,0.058890
CP,inertia,Rastrigin,3,25,200,0.900000,0.400000,2.000000,2.000000,5.000000,,,,1.000000,0.010000,5.000000,0.036311,0.012021,-0.006212
CP,inertia,Rastrigin,4,25,200,0.900000,0.400000,2.000000,2.000000,5.000000,,,,1.000000,0.010000,5.000000,0.280057,-0.037479,0.003664
CP,inertia,Rastrigin,5,25,200,0.900000,0.400000,2.000000,2.000000,5.000000,,,,1.000000,0.010000,5.000000,0.077981,0.013554,-0.014478
CP,inertia,Rastrigin,6,25,200,0.900000,0.400000,2.000000,2.000000,5.000000,,,,1.000000,0.010000,5.000000,0.550334,-0.036632,-0.038010
CP,inertia,Rastrigin,7,25,200,0.900000,0.400000,2.000000,2.000000,5.000000,,,,1.000000,0.010000,5.000000,0.037409,0.006746,0.011964
CP,inertia,Rastrigin,8,25,200,0.900000,0.400000,2.000000,2.000000,5.000000,,,,1.000000,0.010000,5.000000,1.141714,-0.986699,-0.025944
CP,inertia,Rastrigin,9,25,200,0.900000,0.400000,2.000000,2.000000,5.000000,,,,1.000000,0.010000,5.000000,0.485020,-0.009488,-0.048715
CP,inertia,Rastrigin,10,25,200,0.900000,0.400000,2.000000,2.000000,5.000000,,,,1.000000,0.010000,5.000000,0.019183,-0.006916,-0.006991
CP,inertia,Rastrigin,1,50,200,0.900000,0.400000,2.000000,2.000000,5.000000,,,,1.000000,0.010000,5.000000,0.718536,0.023665,-0.055624
CP,inertia,Rastrigin,2,50,200,0.900000,0.400000,2.000000,2.000000,5.000000,,,,1.000000,0.010000,5.000000,0.006114,0.002988,0.004679
CP,inertia,Rastrigin,3,50,200,0.900000,0.400000,2.000000,2.000000,5.000000,,,,1.000000,0.010000,5.000000,0.824209,0.044343,0.047083
CP,inertia,Rastrigin,4,50,200,0.900000,0.400000,2.000000,2.000000,5.000000,,,,1.000000,0.010000,5.000000,0.406222,0.014702,0.042926
CP,inertia,Rastrigin,5,50,200,0.900000,0.400000,2.000000,2.000000,5.000000,,,,1.000000,0.010000,5.000000,0.120966,-0.022379,-0.010476
CP,inertia,Rastrigin,6,50,200,0.900000,0.400000,2.000000,2.000000,5.000000,,,,1.000000,0.010000,5.000000,0.027556,0.002158,0.011589
CP,inertia,Rastrigin,7,50,200,0.900000,0.400000,2.000000,2.000000,5.000000,,,,1.000000,0.010000,5.000000,0.059297,0.008553,-0.015031
CP,inertia,Rastrigin,8,50,200,0.900000,0.400000,2.000000,2.000000,5.000000,,,,1.000000,0.010000,5.000000,0.299381,0.012096,0.036999
CP,inertia,Rastrigin,9,50,200,0.900000,0.400000,2.000000,2.000000,5.000000,,,,1.000000,0.010000,5.000000,0.293497,0.014049,0.035882
CP,inertia,Rastrigin,10,50,200,0.900000,0.400000,2.000000,2.000000,5.000000,,,,1.000000,0.010000,5.000000,0.748938,-0.041190,0.045850
CP,inertia,Rosenbrock,1,5,200,0.900000,0.400000,2.000000,2.000000,5.000000,,,,3.000000,0.100000,2.000000,0.381864,1.491648,2.187578
CP,inertia,Rosenbrock,2,5,200,0.900000,0.400000,2.000000,2.000000,5.000000,,,,3.000000,0.100000,2.000000,0.416837,0.489840,0.200374
CP,inertia,Rosenbrock,3,5,200,0.900000,0.400000,2.000000,2.000000,5.000000,,,,3.000000,0.100000,2.000000,0.090657,1.150357,1.297234
CP,inertia,Rosenbrock,4,5,200,0.900000,0.400000,2.000000,2.000000,5.000000,,,,3.000000,0.100000,2.000000,0.008683,0.972966,0.937746
CP,inertia,Rosenbrock,5,5,200,0.900000,0.400000,2.000000,2.000000,5.000000,,,,3.000000,0.100000,2.000000,0.180185,1.129472,1.316132
CP,inertia,Rosenbrock,6,5,200,0.900000,0.400000,2.000000,2.000000,5.000000,,,,3.000000,0.100000,2.000000,0.010114,0.982914,0.956209
CP,inertia,Rosenbrock,7,5,200,0.900000,0.400000,2.000000,2.000000,5.000000,,,,3.000000,0.100000,2.000000,0.051001,1.001183,1.024950
CP,inertia,Rosenbrock,8,5,200,0.900000,0.400000,2.000000,2.000000,5.000000,,,,3.000000,0.100000,2.000000,0.008042,1.018903,1.029397
CP,inertia,Rosenbrock,9,5,200,0.900000,0.400000,2.000000,2.000000,5.000000,,,,3.000000,0.100000,2.000000,0.044554,1.076330,1.138807
CP,inertia,Rosenbrock,10,5,200,0.900000,0.400000,2.000000,2.000000,5.000000,,,,3.000000,0.100000,2.000000,0.264762,0.863186,0.794692
CP,inertia,Rosenbrock,1,10,200,0.900000,0.400000,2.000000,2.000000,5.000000,,,,3.000000,0.100000,2.000000,0.044908,1.155489,1.320756
CP,inertia,Rosenbrock,2,10,200,0.900000,0.400000,2.000000,2.000000,5.000000,,,,3.000000,0.100000,2.000000,0.043999,1.170256,1.381751
CP,inertia,Rosenbrock,3,10,200,0.900000,0.400000,2.000000,2.000000,5.000000,,,,3.000000,0.100000,2.000000,0.061145,0.795706,0.647079
CP,inertia,Rosenbrock,4,10,200,0.900000,0.400000,2.000000,2.000000,5.000000,,,,3.000000,0.100000,2.000000,0.037257,1.188948,1.417541
CP,inertia,Rosenbrock,5,10,200,0.900000,0.400000,2.000000,2.000000,5.000000,,,,3.000000,0.100000,2.000000,0.011056,1.101633,1.210900
CP,inertia,Rosenbrock,6,10,200,0.900000,0.400000,2.000000,2.000000,5.000000,,,,3.000000,0.100000,2.000000,0.121696,1.032954,1.101723
CP,inertia,Rosenbrock,7,10,200,0.900000,0.400000,2.000000,2.000000,5.000000,,,,3.000000,0.100000,2.000000,0.082143,0.974526,0.978248
CP,inertia,Rosenbrock,8,10,200,0.900000,0.400000,2.000000,2.000000,5.000000,,,,3.000000,0.100000,2.000000,0.150125,0.991661,0.944655
CP,inertia,Rosenbrock,9,10,200,0.900000,0.400000,2.000000,2.000000,5.000000,,,,3.000000,0.100000,2.000000,0.093475,1.293713,1.682183
CP,inertia,Rosenbrock,10,10,200,0.900000,0.400000,2.000000,2.000000,5.000000,,,,3.000000,0.100000,2.000000,0.010764,1.036507,1.084059
CP,inertia,Rosenbrock,1,25,200,0.900000,0.400000,2.000000,2.000000,5.000000,,,,3.000000,0.100000,2.000000,0.067956,1.085666,1.154051
CP,inertia,Rosenbrock,2,25,200,0.900000,0.400000,2.000000,2.000000,5.000000,,,,3.000000,0.100000,2.000000,0.256077,1.444354,2.061946
CP,inertia,Rosenbrock,3,25,200,0.900000,0.400000,2.000000,2.000000,5.000000,,,,3.000000,0.100000,2.000000,0.112862,1.000398,0.967202
CP,inertia,Rosenbrock,4,25,200,0.900000,0.400000,2.000000,2.000000,5.000000,,,,3.000000,0.100000,2.000000,0.006922,0.923341,0.849326
CP,inertia,Rosenbrock,5,25,200,0.900000,0.400000,2.000000,2.000000,5.000000,,,,3.000000,0.100000,2.000000,0.001203,0.970204,0.943070
CP,inertia,Rosenbrock,6,25,200,0.900000,0.400000,2.000000,2.000000,5.000000,,,,3.000000,0.100000,2.000000,0.011230,0.899790,0.806176
CP,inertia,Rosenbrock,7,25,200,0.900000,0.400000,2.000000,2.000000,5.000000,,,,3.000000,0.100000,2.000000,0.058079,1.179422,1.407126
CP,inertia,Rosenbrock,8,25,200,0.900000,0.400000,2.000000,2.000000,5.000000,,,,3.000000,0.100000,2.000000,0.027754,0.888502,0.777057
CP,inertia,Rosenbrock,9,25,200,0.900000,0.400000,2.000000,2.000000,5.000000,,,,3.000000,0.100000,2.000000,0.113517,1.335651,1.781038
CP,inertia,Rosenbrock,10,25,200,0.900000,0.400000,2.000000,2.000000,5.000000,,,,3.000000,0.100000,2.000000,0.040073,0.941239,0.905068
CP,inertia,Rosenbrock,1,50,200,0.900000,0.400000,2.000000,2.000000,5.000000,,,,3.000000,0.100000,2.000000,0.006426,0.920534,0.848435
CP,inertia,Rosenbrock,2,50,200,0.900000,0.400000,2.000000,2.000000,5.000000,,,,3.000000,0.100000,2.000000,0.109765,0.982909,0.999196
CP,inertia,Rosenbrock,3,50,200,0.900000,0.400000,2.000000,2.000000,5.000000,,,,3.000000,0.100000,2.000000,0.014641,1.105490,1.216181
CP,inertia,Rosenbrock,4,50,200,0.900000,0.400000,2.000000,2.000000,5.000000,,,,3.000000,0.100000,2.000000,0.021714,1.142734,1.302179
CP,inertia,Rosenbrock,5,50,200,0.900000,0.400000,2.000000,2.000000,5.000000,,,,3.000000,0.100000,2.000000,0.036746,1.178462,1.381776
CP,inertia,Rosenbrock,6,50,200,0.900000,0.400000,2.000000,2.000000,5.000000,,,,3.000000,0.100000,2.000000,0.004811,0.981308,0.956285
CP,inertia,Rosenbrock,7,50,200,0.900000,0.400000,2.000000,2.000000,5.000000,,,,3.000000,0.100000,2.000000,0.109196,1.152246,1.298342
CP,inertia,Rosenbrock,8,50,200,0.900000,0.400000,2.000000,2.000000,5.000000,,,,3.000000,0.100000,2.000000,0.052894,1.207534,1.468051
CP,inertia,Rosenbrock,9,50,200,0.900000,0.400000,2.000000,2.000000,5.000000,,,,3.000000,0.100000,2.000000,0.092555,1.019735,1.070219
CP,inertia,Rosenbrock,10,50,200,0.900000,0.400000,2.000000,2.000000,5.000000,,,,3.000000,0.100000,2.000000,0.008263,0.994776,0.980504
